-- phpMyAdmin SQL Dump
-- version 5.0.4
-- https://www.phpmyadmin.net/
--
-- Хост: 127.0.0.1:3306
-- Время создания: Апр 13 2021 г., 00:50
-- Версия сервера: 8.0.19
-- Версия PHP: 8.0.1

SET SQL_MODE = "NO_AUTO_VALUE_ON_ZERO";
START TRANSACTION;
SET time_zone = "+00:00";


/*!40101 SET @OLD_CHARACTER_SET_CLIENT=@@CHARACTER_SET_CLIENT */;
/*!40101 SET @OLD_CHARACTER_SET_RESULTS=@@CHARACTER_SET_RESULTS */;
/*!40101 SET @OLD_COLLATION_CONNECTION=@@COLLATION_CONNECTION */;
/*!40101 SET NAMES utf8mb4 */;

--
-- База данных: `store`
--

-- --------------------------------------------------------

--
-- Структура таблицы `category`
--

CREATE TABLE `category` (
  `id` int NOT NULL,
  `name` varchar(255) COLLATE utf8_unicode_ci NOT NULL
) ENGINE=InnoDB DEFAULT CHARSET=utf8 COLLATE=utf8_unicode_ci;

--
-- Дамп данных таблицы `category`
--

INSERT INTO `category` (`id`, `name`) VALUES
(1, 'Category 01'),
(2, 'Category 02'),
(3, 'Category 03'),
(4, 'Category 04'),
(5, 'Category 05'),
(6, 'Category 06'),
(7, 'Category 07'),
(8, 'Category 08'),
(9, 'Category 09'),
(10, 'Category 10'),
(11, 'Category 11'),
(12, 'Category 12'),
(13, 'Category 13'),
(14, 'Category 14'),
(15, 'Category 15'),
(16, 'Category 16'),
(17, 'Category 17'),
(18, 'Category 18'),
(19, 'Category 19'),
(20, 'Category 20'),
(21, 'Category 21'),
(22, 'Category 22'),
(23, 'Category 23'),
(24, 'Category 24'),
(25, 'Category 25'),
(26, 'Category 26'),
(27, 'Category 27'),
(28, 'Category 28'),
(29, 'Category 29'),
(30, 'Category 30'),
(31, 'Category 31');

-- --------------------------------------------------------

--
-- Структура таблицы `category_closure`
--

CREATE TABLE `category_closure` (
  `ancestor` int NOT NULL,
  `descendant` int NOT NULL,
  `depth` int NOT NULL
) ENGINE=InnoDB DEFAULT CHARSET=utf8 COLLATE=utf8_unicode_ci;

--
-- Дамп данных таблицы `category_closure`
--

INSERT INTO `category_closure` (`ancestor`, `descendant`, `depth`) VALUES
(1, 1, 0),
(1, 2, 1),
(1, 3, 1),
(1, 4, 1),
(1, 5, 1),
(1, 6, 1),
(1, 7, 1),
(1, 8, 2),
(1, 9, 2),
(1, 10, 3),
(1, 11, 2),
(1, 12, 2),
(1, 13, 2),
(1, 14, 4),
(1, 15, 4),
(1, 16, 3),
(1, 17, 3),
(1, 18, 4),
(1, 19, 3),
(1, 20, 4),
(1, 21, 2),
(1, 22, 3),
(1, 23, 3),
(1, 24, 4),
(1, 25, 3),
(1, 26, 4),
(1, 27, 3),
(1, 28, 2),
(1, 29, 3),
(1, 30, 4),
(1, 31, 4),
(2, 2, 0),
(2, 28, 1),
(2, 29, 2),
(3, 3, 0),
(4, 4, 0),
(5, 5, 0),
(5, 12, 1),
(5, 13, 1),
(5, 17, 2),
(5, 19, 2),
(5, 27, 2),
(6, 6, 0),
(6, 8, 1),
(6, 10, 2),
(6, 14, 3),
(6, 15, 3),
(6, 18, 3),
(6, 21, 1),
(6, 23, 2),
(6, 24, 3),
(6, 30, 3),
(6, 31, 3),
(7, 7, 0),
(7, 9, 1),
(7, 11, 1),
(7, 16, 2),
(7, 20, 3),
(7, 22, 2),
(7, 25, 2),
(7, 26, 3),
(8, 8, 0),
(8, 10, 1),
(8, 14, 2),
(8, 15, 2),
(8, 18, 2),
(8, 23, 1),
(8, 24, 2),
(8, 30, 2),
(8, 31, 2),
(9, 9, 0),
(9, 16, 1),
(9, 20, 2),
(9, 22, 1),
(9, 26, 2),
(10, 10, 0),
(10, 14, 1),
(10, 15, 1),
(10, 18, 1),
(10, 24, 1),
(10, 30, 1),
(10, 31, 1),
(11, 11, 0),
(11, 25, 1),
(12, 12, 0),
(13, 13, 0),
(13, 17, 1),
(13, 19, 1),
(13, 27, 1),
(14, 14, 0),
(15, 15, 0),
(16, 16, 0),
(16, 20, 1),
(17, 17, 0),
(18, 18, 0),
(19, 19, 0),
(20, 20, 0),
(21, 21, 0),
(22, 22, 0),
(22, 26, 1),
(23, 23, 0),
(24, 24, 0),
(25, 25, 0),
(26, 26, 0),
(27, 27, 0),
(28, 28, 0),
(28, 29, 1),
(29, 29, 0),
(30, 30, 0),
(31, 31, 0);

-- --------------------------------------------------------

--
-- Структура таблицы `goods`
--

CREATE TABLE `goods` (
  `id` int NOT NULL,
  `name` varchar(255) COLLATE utf8_unicode_ci NOT NULL,
  `price` decimal(10,2) NOT NULL
) ENGINE=InnoDB DEFAULT CHARSET=utf8 COLLATE=utf8_unicode_ci;

--
-- Дамп данных таблицы `goods`
--

INSERT INTO `goods` (`id`, `name`, `price`) VALUES
(1, 'Product 001', '248.73'),
(2, 'Product 002', '191.65'),
(3, 'Product 003', '426.49'),
(4, 'Product 004', '393.20'),
(5, 'Product 005', '681.30'),
(6, 'Product 006', '194.25'),
(7, 'Product 007', '664.48'),
(8, 'Product 008', '446.31'),
(9, 'Product 009', '69.95'),
(10, 'Product 010', '943.24'),
(11, 'Product 011', '825.34'),
(12, 'Product 012', '2.09'),
(13, 'Product 013', '20.10'),
(14, 'Product 014', '830.64'),
(15, 'Product 015', '303.31'),
(16, 'Product 016', '794.90'),
(17, 'Product 017', '896.21'),
(18, 'Product 018', '704.99'),
(19, 'Product 019', '667.54'),
(20, 'Product 020', '632.06'),
(21, 'Product 021', '953.48'),
(22, 'Product 022', '469.59'),
(23, 'Product 023', '731.81'),
(24, 'Product 024', '415.03'),
(25, 'Product 025', '119.67'),
(26, 'Product 026', '18.47'),
(27, 'Product 027', '611.13'),
(28, 'Product 028', '649.18'),
(29, 'Product 029', '128.25'),
(30, 'Product 030', '124.27'),
(31, 'Product 031', '294.19'),
(32, 'Product 032', '55.24'),
(33, 'Product 033', '874.70'),
(34, 'Product 034', '357.38'),
(35, 'Product 035', '130.00'),
(36, 'Product 036', '577.07'),
(37, 'Product 037', '63.62'),
(38, 'Product 038', '171.49'),
(39, 'Product 039', '799.60'),
(40, 'Product 040', '785.30'),
(41, 'Product 041', '303.49'),
(42, 'Product 042', '174.07'),
(43, 'Product 043', '794.72'),
(44, 'Product 044', '653.94'),
(45, 'Product 045', '245.03'),
(46, 'Product 046', '18.47'),
(47, 'Product 047', '670.69'),
(48, 'Product 048', '277.32'),
(49, 'Product 049', '530.81'),
(50, 'Product 050', '943.20'),
(51, 'Product 051', '950.20'),
(52, 'Product 052', '380.43'),
(53, 'Product 053', '768.40'),
(54, 'Product 054', '684.20'),
(55, 'Product 055', '132.97'),
(56, 'Product 056', '66.38'),
(57, 'Product 057', '757.63'),
(58, 'Product 058', '782.45'),
(59, 'Product 059', '14.95'),
(60, 'Product 060', '134.83'),
(61, 'Product 061', '413.91'),
(62, 'Product 062', '223.02'),
(63, 'Product 063', '265.64'),
(64, 'Product 064', '756.82'),
(65, 'Product 065', '416.93'),
(66, 'Product 066', '511.25'),
(67, 'Product 067', '807.35'),
(68, 'Product 068', '243.85'),
(69, 'Product 069', '487.46'),
(70, 'Product 070', '707.61'),
(71, 'Product 071', '649.17'),
(72, 'Product 072', '849.65'),
(73, 'Product 073', '563.17'),
(74, 'Product 074', '10.38'),
(75, 'Product 075', '805.32'),
(76, 'Product 076', '281.99'),
(77, 'Product 077', '418.06'),
(78, 'Product 078', '472.06'),
(79, 'Product 079', '488.23'),
(80, 'Product 080', '864.07'),
(81, 'Product 081', '924.99'),
(82, 'Product 082', '565.99'),
(83, 'Product 083', '124.67'),
(84, 'Product 084', '759.64'),
(85, 'Product 085', '43.37'),
(86, 'Product 086', '890.35'),
(87, 'Product 087', '68.52'),
(88, 'Product 088', '9.40'),
(89, 'Product 089', '601.26'),
(90, 'Product 090', '483.05'),
(91, 'Product 091', '337.91'),
(92, 'Product 092', '63.06'),
(93, 'Product 093', '847.12'),
(94, 'Product 094', '606.15'),
(95, 'Product 095', '188.02'),
(96, 'Product 096', '538.56'),
(97, 'Product 097', '658.23'),
(98, 'Product 098', '959.45'),
(99, 'Product 099', '195.80'),
(100, 'Product 100', '127.01');

-- --------------------------------------------------------

--
-- Структура таблицы `goods_category`
--

CREATE TABLE `goods_category` (
  `id_goods` int NOT NULL,
  `id_category` int NOT NULL
) ENGINE=InnoDB DEFAULT CHARSET=utf8 COLLATE=utf8_unicode_ci;

--
-- Дамп данных таблицы `goods_category`
--

INSERT INTO `goods_category` (`id_goods`, `id_category`) VALUES
(1, 15),
(1, 22),
(2, 24),
(3, 14),
(3, 16),
(3, 19),
(4, 8),
(5, 18),
(5, 20),
(5, 23),
(6, 25),
(7, 9),
(7, 13),
(7, 15),
(8, 15),
(8, 25),
(8, 27),
(9, 18),
(9, 31),
(10, 16),
(10, 22),
(11, 18),
(12, 10),
(12, 14),
(13, 9),
(13, 19),
(13, 25),
(14, 25),
(15, 18),
(16, 8),
(17, 10),
(17, 19),
(17, 23),
(18, 31),
(19, 10),
(19, 20),
(20, 11),
(21, 20),
(22, 16),
(22, 23),
(22, 30),
(23, 16),
(23, 23),
(23, 26),
(24, 20),
(24, 29),
(25, 15),
(25, 18),
(26, 26),
(26, 28),
(27, 9),
(27, 12),
(27, 21),
(28, 9),
(29, 12),
(29, 24),
(29, 28),
(30, 22),
(30, 23),
(31, 12),
(31, 18),
(32, 12),
(32, 29),
(33, 12),
(33, 17),
(33, 25),
(34, 13),
(35, 22),
(35, 26),
(36, 18),
(37, 26),
(37, 30),
(38, 10),
(38, 18),
(38, 29),
(39, 17),
(39, 31),
(40, 12),
(40, 13),
(41, 12),
(42, 28),
(43, 19),
(43, 22),
(44, 27),
(45, 27),
(46, 14),
(46, 24),
(47, 12),
(47, 14),
(47, 29),
(48, 17),
(49, 16),
(49, 22),
(49, 29),
(50, 8),
(51, 12),
(52, 23),
(53, 18),
(54, 17),
(54, 27),
(55, 21),
(56, 20),
(56, 30),
(57, 13),
(57, 24),
(57, 29),
(58, 10),
(58, 14),
(59, 12),
(59, 23),
(59, 31),
(60, 22),
(60, 25),
(61, 22),
(61, 30),
(62, 22),
(62, 24),
(63, 19),
(63, 25),
(64, 15),
(64, 24),
(65, 14),
(65, 19),
(66, 18),
(67, 10),
(67, 11),
(67, 20),
(68, 8),
(68, 21),
(68, 31),
(69, 15),
(70, 8),
(70, 10),
(70, 28),
(71, 16),
(71, 18),
(72, 13),
(72, 15),
(73, 16),
(73, 29),
(73, 31),
(74, 17),
(74, 21),
(74, 22),
(75, 9),
(75, 27),
(76, 21),
(77, 15),
(77, 16),
(77, 31),
(78, 8),
(78, 19),
(78, 31),
(79, 19),
(79, 21),
(80, 11),
(80, 12),
(80, 20),
(81, 11),
(81, 15),
(82, 9),
(82, 28),
(83, 13),
(83, 22),
(83, 29),
(84, 8),
(84, 13),
(84, 14),
(85, 16),
(85, 25),
(86, 9),
(86, 17),
(87, 11),
(88, 15),
(88, 31),
(89, 17),
(90, 11),
(91, 20),
(91, 25),
(92, 9),
(92, 29),
(93, 17),
(93, 24),
(93, 27),
(94, 15),
(94, 24),
(94, 27),
(95, 12),
(95, 24),
(96, 10),
(96, 11),
(96, 15),
(97, 11),
(97, 15),
(97, 17),
(98, 15),
(98, 18),
(98, 27),
(99, 10),
(99, 21),
(100, 25);

--
-- Индексы сохранённых таблиц
--

--
-- Индексы таблицы `category`
--
ALTER TABLE `category`
  ADD PRIMARY KEY (`id`);

--
-- Индексы таблицы `category_closure`
--
ALTER TABLE `category_closure`
  ADD PRIMARY KEY (`ancestor`,`descendant`);

--
-- Индексы таблицы `goods`
--
ALTER TABLE `goods`
  ADD PRIMARY KEY (`id`);

--
-- Индексы таблицы `goods_category`
--
ALTER TABLE `goods_category`
  ADD PRIMARY KEY (`id_goods`,`id_category`);

--
-- AUTO_INCREMENT для сохранённых таблиц
--

--
-- AUTO_INCREMENT для таблицы `category`
--
ALTER TABLE `category`
  MODIFY `id` int NOT NULL AUTO_INCREMENT, AUTO_INCREMENT=32;

--
-- AUTO_INCREMENT для таблицы `goods`
--
ALTER TABLE `goods`
  MODIFY `id` int NOT NULL AUTO_INCREMENT, AUTO_INCREMENT=101;
COMMIT;

/*!40101 SET CHARACTER_SET_CLIENT=@OLD_CHARACTER_SET_CLIENT */;
/*!40101 SET CHARACTER_SET_RESULTS=@OLD_CHARACTER_SET_RESULTS */;
/*!40101 SET COLLATION_CONNECTION=@OLD_COLLATION_CONNECTION */;
